{"cameraMode":{"drawMode":0,"name":"Shaded","section":"Shading Mode"},"sceneLighting":true,"audioPlay":false,"sceneViewState":{"m_AlwaysRefresh":false,"showFog":true,"showSkybox":true,"showFlares":true,"showImageEffects":true,"showParticleSystems":true,"showVisualEffectGraphs":true,"m_FxEnabled":true},"in2DMode":false,"pivot":{"x":-1.106177806854248,"y":-24.31402015686035,"z":-29.227340698242189},"rotation":{"x":-0.0028558115009218456,"y":0.9599454402923584,"z":-0.28000015020370486,"w":-0.009790965355932713},"size":38.86295700073242,"orthographic":false}